{"cameraMode":{"drawMode":0,"name":"Shaded","section":"Shading Mode"},"sceneLighting":true,"audioPlay":false,"sceneViewState":{"m_AlwaysRefresh":false,"showFog":true,"showSkybox":true,"showFlares":true,"showImageEffects":true,"showParticleSystems":true,"showVisualEffectGraphs":true,"m_FxEnabled":false},"in2DMode":false,"pivot":{"x":22.970300674438478,"y":-133.42445373535157,"z":1548.3641357421875},"rotation":{"x":0.7438364028930664,"y":-0.022037049755454065,"z":0.024555513635277749,"w":0.6675470471382141},"size":205.00601196289063,"orthographic":true}